,Rank,Title,ID
0,1,Guardians of the Galaxy,d96cjJhvlMA
1,2,Prometheus,HHcHYisZFLU
2,3,Split,KIpGKumxiGg
3,4,Sing,zD-4ak72kFM
4,5,Suicide Squad,CmRih_VtVAs
5,6,The Great Wall,avF6GHyyk5c
6,7,La La Land,0pdqf4P9MB8
7,9,The Lost City of Z,yqGDNvX1F4g
8,10,Passengers,7BWWWQzTpNU
9,11,Fantastic Beasts and Where to Find Them,uldn't find
10,12,Hidden Figures,5wfrDhgUMGI
11,13,Rogue One,frdj1zb9sMY
12,14,Moana,LKFuXETZUsI
13,15,Colossal,beuUiUCFIkc
14,16,The Secret Life of Pets,uldn't find
15,17,Hacksaw Ridge,uldn't find
16,18,Jason Bourne,F4gJsKZvqE4
17,19,Lion,-RNI9o06vqo
18,20,Arrival,uldn't find
19,21,Gold,uldn't find
20,22,Manchester by the Sea,gsVoD0pTge0
21,24,Trolls,qZ40Z62tcXM
22,25,Independence Day: Resurgence,LbduDRH2m2M
23,29,Bad Moms,iKCw-kqo3cs
24,30,Assassin's Creed,4haJD6W136c
25,31,Why Him?,xOZ2bs9IboU
26,32,Nocturnal Animals,-H1Ii1LjyFU
27,33,X-Men: Apocalypse,COvnHv42T-A
28,34,Deadpool,uldn't find
29,35,Resident Evil: The Final Chapter,79Sd4GtOXuI
30,36,Captain America: Civil War,dKrVegVI0Us
31,37,Interstellar,2LqzF5WauAw
32,38,Doctor Strange,HSzx-zryEgM
33,39,The Magnificent Seven,q-RBA0xoaWU
34,41,Sausage Party,RDm_jsvksQQ
35,42,Moonlight,9NJj12tJzqc
36,44,The Founder,AX2uz2XYkbo
37,45,Lowriders,6k0mm_cxzy0
38,46,Pirates of the Caribbean: On Stranger Tides,kvIyBMWSdLs
39,47,Miss Sloane,AMUkfmUu44k
40,49,Star Trek Beyond,uldn't find
41,51,Star Wars: Episode VII - The Force Awakens,uldn't find
42,52,Underworld: Blood Wars,rKHL5PyAPzs
43,53,Mother's Day,2BPr217zLps
44,54,John Wick,qEVUtrk8_B4
45,55,The Dark Knight,EXeTwQWrcwY
46,56,Silence,IqrgxZLd_gE
47,57,Don't Breathe,76yBTNDB6vU
48,58,Me Before You,Eh993__rOxA
49,59,Their Finest,mMh1EvAQOQ8
50,60,Sully,mjKEXxO2KNE
51,61,Batman v Superman: Dawn of Justice,0WWzgGyAH6Y
52,63,The Girl on the Train,uldn't find
53,64,Fifty Shades of Grey,SfZWFDs0LxA
54,65,The Prestige,RLtaA9fFNXU
55,66,Kingsman: The Secret Service,kl8F-8tR8to
56,67,Patriots Day,ykwSo64RYao
57,68,Mad Max: Fury Road,hEJnMQG9ev8
58,69,Wakefield,E00DODio0Wk
59,70,Deepwater Horizon,8yASbM8M2vg
60,72,Allied,uldn't find
61,73,A Monster Calls,WMgm20Di9Wg
62,74,Collateral Beauty,dpFyds_pS2E
63,75,Zootopia,jWM0ct-OLsM
64,76,Pirates of the Caribbean: At World's End,HKSZtp_OGHY
65,77,The Avengers,uldn't find
66,78,Inglourious Basterds,KnrRy6kSFF0
67,79,Pirates of the Caribbean: Dead Man's Chest,SNA-Ezahmok
68,80,Ghostbusters,ahZFCF--uRY
69,81,Inception,YoHD9XEInc0
70,82,Captain Fantastic,DHJuC8U8CHU
71,83,The Wolf of Wall Street,iszwuX1AK6A
72,84,Gone Girl,2-_-1nJf8Vg
73,85,Furious Seven,Skpu5HaVkOc
74,86,Jurassic World,RFinNxS5KN4
75,87,Live by Night,CtFZcAuH-qI
76,88,Avatar,uldn't find
77,89,The Hateful Eight,nIOmotayDMY
78,90,The Accountant,DBfsgcswlYQ
79,91,Prisoners,2SupordEUpw
80,92,Warcraft,2Rxoz13Bthc
81,93,The Help,XOTkNsxhECY
82,94,War Dogs,Rwh9c_E3dJk
83,95,Avengers: Age of Ultron,tmeOjFno6Do
84,96,The Nice Guys,GQR5zsLHbYw
85,97,Kimi no na wa,xU47nhruN-Q
86,98,The Void,IkmSNt4moNg
87,99,Personal Shopper,uldn't find
88,100,The Departed,iojhqm0JTW4
89,101,Legend,WVHlrfzLjd4
90,102,Thor,JOddp-nlNvQ
91,103,The Martian,ej3ioOneTy8
92,105,The Man from U.N.C.L.E.,4K4Iv_N9Nno
93,106,Hell or High Water,JQoqsKoJVDw
94,107,The Comedian,QJit_DU2XhM
95,108,The Legend of Tarzan,Aj7ty6sViiU
96,110,Ex Machina,bggUmgeMCdc
97,111,The Belko Experiment,jP2Ow2CX6OQ
98,112,12 Years a Slave,z02Ie8wKKRg
99,114,300,UrIbxk7idYA
100,115,Harry Potter and the Deathly Hallows: Part 2,5NYt1qirBWg
101,116,Office Christmas Party,uldn't find
102,117,The Neon Demon,cipOTUO0CmU
103,119,10 Cloverfield Lane,yQy-ANhnUpE
104,120,Finding Dory,JhvrQeY3doI
105,121,Miss Peregrine's Home for Peculiar Children,tV_IhWE4LP0
106,122,Divergent,sutgWjz10sM
107,123,Mike and Dave Need Wedding Dates,33MtR-g4Jcg
108,125,The Dark Knight Rises,g8evyE9TuYk
109,126,The Jungle Book,C4qgAaxB_pc
110,127,Transformers: Age of Extinction,dYDGqmxMZFI
111,128,Nerve,2PR9MOPTI7g
112,129,Mamma Mia!,iCVpJ8x1Tnc
113,130,The Revenant,LoebZZ8K5N0
114,131,Fences,spCxVd9ctFs
115,132,Into the Woods,2Byk9Is3TjY
116,133,The Shallows,EgdxIlSuB70
117,134,Whiplash,oAhvG3wIE_g
118,135,Furious 6,dKi5XoeTN0k
119,136,The Place Beyond the Pines,G07pSbHLXgg
120,137,No Country for Old Men,A0oNrgumrlE
121,138,The Great Gatsby,4w8lohkQtbY
122,139,Shutter Island,5iaYLCiq5RM
123,141,Star Trek,iGAHnZ555nI
124,142,Diary of a Wimpy Kid,VKhCPUa-glo
125,143,The Big Short,vgqG3ITMv1Q
126,144,Room,E_Ci-pAL4eE
127,145,Django Unchained,uldn't find
128,146,Ah-ga-ssi,whldChqCsYk
129,147,The Edge of Seventeen,aw9hlZ2uiII
130,148,Watchmen,wglmbroElU0
131,149,Superbad,LvKvus3vCEY
132,150,Inferno,RH2BD49sEZI
133,151,The BFG,GZ0Bey4YUGI
134,152,The Hunger Games,mfmrPu43DF8
135,153,White Girl,7dzrDvaHGEA
136,154,Sicario,Yfhu5JIxnZc
137,156,Aliens vs Predator - Requiem,oqLM_21tqyc
138,157,Pacific Rim,5guMumPFBag
139,158,"Crazy, Stupid, Love.",8iCwtxJejik
140,159,Scott Pilgrim vs. the World,7wd5KEaOtm4
141,160,Hot Fuzz,uldn't find
142,162,Free Fire,oDD3I0uOlqY
143,163,X-Men: Days of Future Past,pK2zYHWDZKo
144,164,Jack Reacher: Never Go Back,uldn't find
145,165,Casino Royale,36mnx8dBbGE
146,166,Twilight,QDRLSqm_WVg
147,167,Now You See Me 2,4I8rVcSQbic
148,168,Woman in Gold,wu9JeTX6Sdw
149,169,13 Hours,4CJBuUwd0Os
150,170,Spectre,ujmoYyEyDP8
151,171,Nightcrawler,X8kYDQan8bw
152,172,Kubo and the Two Strings,qZefKaANfe0
153,174,Her,dJTU48_yghs
154,175,Frozen,TbQm5doF_Uc
155,176,Tomorrowland,lNzukD8pS_s
156,177,Dawn of the Planet of the Apes,DpSaTrW4leg
157,178,Tropic Thunder,9Pl4JNnqNaE
158,179,The Conjuring 2,VFsmuRPClr4
159,180,Ant-Man,ZlNFpri-Y40
160,181,Bridget Jones's Baby,mJsvmscPY9w
161,182,The VVitch: A New-England Folktale,iQXmlf3Sefg
162,183,Cinderella,20DF6U1HcGQ
163,185,Forushande,2VBwLOHwio0
164,187,Billy Lynn's Long Halftime Walk,mUULFJ_I048
165,188,Crimson Peak,6yAbFYbi8XU
166,189,Drive,KBiOF3y1W0Y
167,190,Trainwreck,y_KP9x80Z9Q
168,191,The Light Between Oceans,lk7yw00a4fs
169,193,Spotlight,EwdCIpbTN5g
170,194,Morgan,rqmHSR0bFU8
171,195,Warrior,I5kzcwcQA1Q
172,196,Captain America: The First Avenger,JerVrbLldXw
173,198,Into the Wild,XZG1FzyB8DI
174,199,The Imitation Game,nuPZUUED5uk
175,200,Central Intelligence,MxEw3elSJ8M
176,201,Edge of Tomorrow,vw61gCe2oqI
177,202,A Cure for Wellness,JF1rLFCdewU
178,203,Snowden,QlSAiI3xMh4
179,204,Iron Man,8ugaeA-nMTc
180,205,Allegiant,tE8LEPSTK6A
181,206,X: First Class,UrbHykKUfTM
182,207,Raw (II),gFlXVX2af_Y
183,208,Paterson,m8pGJBgiiDU
184,209,Bridesmaids,FNppLrmdyug
185,211,San Andreas,23VflsU3kZE
186,212,Spring Breakers,imDML4om8z8
187,213,Transformers,WWWDskI46Js
188,215,Thor: The Dark World,npvJ9FTgZbM
189,216,Gods of Egypt,IJBnK2wNQSo
190,217,Captain America: The Winter Soldier,7SlILk2WMTI
191,218,Monster Trucks,Fd0GdvApn-o
192,220,Kick-Ass,2rpXHqnGDXo
193,221,Hardcore Henry,96EChBYVFhU
194,222,Cars,-Vui-DhwIAg
195,223,It Follows,HkZYbOH0ujw
196,224,The Girl with the Dragon Tattoo,DqQe3OrsMKI
197,225,We're the Millers,0Vsy5KzsieQ
198,226,American Honey,y1SpWZm1PLc
199,227,The Lobster,LTNZmOJxuAc
200,228,Predators,uzqYqoVoU74
201,229,Maleficent,w-XO4XiRop0
202,231,Pan's Labyrinth,AcHasH-nLhU
203,232,A Kind of Murder,12zoi09mRoE
204,233,Apocalypto,ngWBddVNVZs
205,234,Mission: Impossible - Rogue Nation,gOW_azQbOjw
206,235,The Huntsman: Winter's War,_W65ndip7MM
207,236,The Perks of Being a Wallflower,n5rh7O4IDc0
208,237,Jackie,g9pW3B8Ycc4
209,238,The Disappointments Room,O7a-hmoh6Jw
210,239,The Grand Budapest Hotel,1Fg5iWmQjwk
211,240,The Host,uldn't find
212,241,Fury,DNHuK1rteF4
213,242,Inside Out,yRUAzGQ3nSY
214,243,Rock Dog,kGsUHbq3yUY
215,244,Terminator Genisys,O7KcAClnBSM
216,245,Percy Jackson & the Olympians: The Lightning Thief,rNhV8dk6W2M
217,246,Les Misérables,uldn't find
218,247,Children of Men,2VT2apoX90o
219,248,20th Century Women,6JnFaltqnAY
220,249,Spy,ltijEmlyqlg
221,250,The Intouchables,34WIbmXkewU
222,251,Bonjour Anne,iSKijFNR4Hw
223,252,Kynodontas,yQdjxQN4ieg
224,253,Straight Outta Compton,-F5WcFPDzko
225,254,The Amazing Spider-Man 2,nbp3Ra3Yp74
226,255,The Conjuring,k10ETZ41q5o
227,256,The Hangover,tcdUhdOlz9M
228,257,Battleship,JpoabtbEJOI
229,258,Rise of the Planet of the Apes,VzDt7uBBIOI
230,259,Lights Out,6LiKKFZyhRU
231,260,Norman: The Moderate Rise and Tragic Fall of a New York Fixer,TZMCfZq3qc4
232,261,Birdman or (The Unexpected Virtue of Ignorance),uJfLoE6hanc
233,262,Black Swan,5jaI1XOB-bs
234,263,Dear White People,JMgWMzbM2Pk
235,264,Nymphomaniac: Vol. I,uldn't find
236,265,Teenage Mutant Ninja Turtles: Out of the Shadows,3CKgLNGfdSM
237,266,Knock Knock,BHV0lsAqiS8
238,267,Dirty Grandpa,q1zlkaPpMsA
239,268,Cloud Atlas,ByehYal_cCs
240,269,X-Men Origins: Wolverine,8IxT7WFL6Ec
241,271,Skyfall,6kw1UVovByw
242,272,The Hobbit: An Unexpected Journey,SDnYMbYB-nU
243,273,21 Jump Street,RLoKtb4c4W0
244,274,Sing Street,jYk2Vx1z6lk
245,276,Oblivion,XmIIgE7eSak
246,277,22 Jump Street,qP755JkDxyM
247,278,Zodiac,yNncHPl1UXg
248,279,Everybody Wants Some!!,y6raUs0CiCQ
249,280,Iron Man Three,YLorLVa95Xo
250,281,Now You See Me,KzJNYYkkhzc
251,282,Sherlock Holmes,J7nJksXDBWc
252,284,The Danish Girl,d88APYIGkjk
253,285,Hercules,HydiAICZq6I
254,286,Sucker Punch,9k10AzCcMOM
255,287,Keeping Up with the Joneses,nPfYXXg65qA
256,288,Jupiter Ascending,gQHKolIqBGs
257,289,Masterminds,zIkzuXDhCcQ
258,291,Busanhaeng,1ovgxN2VWNc
259,292,Pitch Perfect,8dItOM6eYXY
260,293,Neighbors 2: Sorority Rising,X2i9Zz_AqTg
261,295,Man of Steel,T6DJcgm3wNY
262,296,The Choice,nWPM1jTnuuo
263,297,Ice Age: Collision Course,Ohq6NmKMja8
264,298,The Devil Wears Prada,6ZOZwUQKu3E
265,299,The Infiltrator,N7_M4hjXW1I
266,300,There Will Be Blood,FeSLPELpMeM
267,301,The Equalizer,VjctHUEmutw
268,302,Lone Survivor,yoLFk4JK_RM
269,303,The Cabin in the Woods,NsIilFNNmkY
270,304,The House Bunny,i-RmuzppVuM
271,305,She's Out of My League,3F0XwZex1jQ
272,306,Inherent Vice,wZfs22E7JmI
273,307,Alice Through the Looking Glass,x3IWwnNe5mc
274,309,The Fast and the Furious: Tokyo Drift,p8HQ2JLlc4E
275,310,How to Be Single,akwGjUeU6YA
276,311,The Blind Side,gvqj_Tk_kuM
277,312,La vie d'Adèle,_krVNLB4N9A
278,313,The Babadook,k5WQZzDRVtw
279,314,The Hobbit: The Battle of the Five Armies,iVAgTiBrrDA
280,315,Harry Potter and the Order of the Phoenix,y6ZW7KXaXYk
281,316,Snowpiercer,nX5PwfEMBM0
282,317,The 5th Wave,kmxLybfGNC4
283,319,The Visit,YfQnRjkuvaY
284,320,Fast Five,vcn2GOuZCKI
285,321,Step Up,ZgnmCqA25-o
286,322,Lovesong,UqUcDru8plY
287,323,RocknRolla,TdpR8VuvbCM
288,324,In Time,YRSBiTF3wNw
289,325,The Social Network,lB95KLmpLR4
290,326,The Last Witch Hunter,xsuG2JUgs_8
291,327,Victor Frankenstein,7pxZxY_Siyc
292,328,A Street Cat Named Bob,s13Fnj8LzD8
293,329,Green Room,Q8XSARX3DQg
294,330,Blackhat,Qn2g9qGbH_k
295,331,Storks,tF6jd0-xRrI
296,332,American Sniper,99k3u9ay1gs
297,333,Dallas Buyers Club,KDvPcBeOn8E
298,334,Lincoln,KJVuqYkI2jQ
299,335,Rush,4XA73ni9eVs
300,337,Silver Linings Playbook,kVS-6k2tQAA
301,339,The Fault in Our Stars,9ItBvH5J6ss
302,340,Blended,8MuWt2X59fo
303,341,Fast & Furious,ZsJz2TJAPjw
304,342,Looper,2iQuhsmtfHw
305,343,White House Down,WfaTlmYvTA8
306,344,Pete's Dragon,fPOamb6d_20
307,345,Spider-Man 3,e5wUilOeOmg
308,346,The Three Musketeers,TYic5JxgTMc
309,347,Stardust,-wwv427DAvA
310,348,American Hustle,NqgjPRNRDSY
311,349,Jennifer's Body,C8azftM5puI
312,350,Midnight in Paris,FAfR8omt-CY
313,352,Joy,uR-2TiQVY-k
314,353,The Dressmaker,DMEu-1CIB_I
315,354,Café Society,-1yDgVpHH8U
316,355,Insurgent,IR-l_TSjlEo
317,356,Seventh Son,TXiNkOjM7oM
318,358,The Theory of Everything,Salz7uGp72c
319,359,This Is the End,kliQSsD_npo
320,360,About Time,T7A810duHvw
321,361,Step Brothers,uldn't find
322,362,Clown,GkwHXxcBr1A
323,363,Star Trek Into Darkness,QAEkuVgt6Aw
324,364,Zombieland,8m9EVP8X7N8
325,365,"Hail, Caesar!",kMqeoW3XRa0
326,366,Slumdog Millionaire,AIzbwV7on6Q
327,367,The Twilight Saga: Breaking Dawn - Part 2,Ocz50YJOFTM
328,369,The Amazing Spider-Man,-tnxzJ0SSOw
329,370,Ben-Hur,gLJdzky63BA
330,371,Sleight,ORL1d7GWoBc
331,372,The Maze Runner,AwwbhhjQ9Xk
332,373,Criminal,3bvnoqsvY-M
333,374,Wanted,edpEspHOeVU
334,375,Florence Foster Jenkins,qth6y8SrXNY
335,376,Collide,C8QSfaoSSD0
336,377,Black Mass,R_F-lVhSfx8
337,378,Creed,Uv554B7YHk4
338,379,Swiss Army Man,yrK1f4TsQfM
339,380,The Expendables 3,4xD0junWlFc
340,381,What We Do in the Shadows,IAZEWtyhpes
341,382,Southpaw,Mh2ebPxhoLs
342,384,Bridge of Spies,mBBuzHrZBro
343,385,The Lego Movie,fZ_JOBCLF-I
344,386,Everest,5ZQVpPiOji0
345,387,Pixels,XAHprLW48no
346,388,Robin Hood,zwPn9ZnbCo0
347,389,The Wolverine,u1VCP3O8wG0
348,390,John Carter,nlvYKl1fjBI
349,391,Keanu,K9zy27apgI8
350,392,The Gunman,Ug9xufczPVE
351,393,Steve Jobs,aEr6K1bwIVs
352,395,Grown Ups 2,Sq5CIH0duMk
353,396,The Age of Adaline,7UzSekc0LoQ
354,397,The Incredible Hulk,xbqNb2PFKKA
355,398,Couples Retreat,X4j_NTFos9c
356,400,Magic Mike,Dd0XPRo4LZQ
357,401,Minions,6DxjJzmYsXo
358,404,Despicable Me,zzCZ1W_CUoI
359,405,The Best of Me,cQszhfoP_WI
360,406,The Invitation,5bL1ftuxgOE
361,407,Zero Dark Thirty,LJFra3B9sbA
362,408,Tangled,2f516ZLyC6U
363,409,The Hunger Games: Mockingjay - Part 2,n-7K_OjsDCQ
364,410,Vacation,kleG7XCqOb4
365,411,Taken,XK9zL0ze9O4
366,412,Pitch Perfect 2,OgPm-yaLoyo
367,413,Monsters University,xBzPioph8CI
368,415,Mechanic: Resurrection,QF903RaKLvs
369,416,Tusk,BCQJnOn0ru0
370,419,Harry Potter and the Deathly Hallows: Part 1,MxqsmsA8y5k
371,420,Shame,Op9iQiB_ANI
372,421,Hanna,u73CLdHpbNk
373,422,The Babysitters,BBq9SXpWZDk
374,423,Pride and Prejudice and Zombies,syjfmdvLu9c
375,424,300: Rise of an Empire,2zqy21Z29ps
376,425,London Has Fallen,3AsOdX7NcJs
377,426,The Curious Case of Benjamin Button,iH6FdW39Hag
378,427,Sin City: A Dame to Kill For,nqRRF5y94uE
379,428,The Bourne Ultimatum,ZT2ZxjUjSo0
380,431,3 Idiots,K0eDlFX9GMc
381,432,Zoolander 2,4CL4LNWHegk
382,433,World War Z,Md6Dvxdr0AQ
383,434,Mission: Impossible - Ghost Protocol,EDGYVFZxsXQ
384,437,The Longest Ride,FUS_Q7FsfqU
385,438,The imposible,Bgw394ZKsis
386,439,Kick-Ass 2,1zcMLxIuuww
387,441,Oz the Great and Powerful,_1NGnVLDPog
388,442,Brooklyn,15syDwC000k
389,443,Coraline,m9bOpeuvNwY
390,444,Blue Valentine,aILx69WrRhQ
391,447,Dredd,G-eI5oLlIeY
392,448,Hunt for the Wilderpeople,dPaU4Gymt3E
393,449,Big Hero 6,z3biFxZIJOQ
394,450,Carrie,j9Mg-GRS46Y
395,451,Iron Man 2,BoohRoVA9WQ
396,452,Demolition,3UnSXelOJo0
397,453,Pandorum,PItZ-qr9jG8
398,454,Olympus Has Fallen,ar-IaAx7s8k
399,455,I Am Number Four,CfMMosvPHfQ
400,456,Jagten,ieLIOBkMgAQ
401,457,The Proposal,dbYST9QhCYY
402,458,Get Hard,l5lojEIitNw
403,459,Just Go with It,fpj7i2CPt8M
404,460,Revolutionary Road,WGS9M6uiOW4
405,461,The Town,uAjECYnrYks
406,462,The Boy,uldn't find
407,463,Denial,yH7ktvUWaYo
408,465,Goosebumps,7Cn716jv61s
409,466,Sherlock Holmes: A Game of Shadows,DpxtbtnC1u8
410,467,Salt,QZ40WlshNwU
411,468,Enemy,FJuaAWrgoUY
412,469,District 9,DyLUwOcR5pk
413,470,The Other Guys,D6WOoUG1eNo
414,471,American Gangster,BV_nssS6Zkg
415,472,Marie Antoinette,yBWyKRoh98U
416,473,2012,ce0N3TEcFw0
417,474,Harry Potter and the Half-Blood Prince,tAiy66Xrsz4
418,475,Argo,T29kIOXpj6o
419,476,Eddie the Eagle,hyzQjVUmIxk
420,477,The Lives of Others,n3_iLOp6IhM
421,481,Forgetting Sarah Marshall,K4xD8ZMdJms
422,482,The Giver,uxFJvlWqphM
423,483,Triple 9,JzUtr5sjRvU
424,486,Moonrise Kingdom,7N8wkVA4_8s
425,487,Hairspray,SUoG7mqCixI
426,488,Safe Haven,p4vhm3_-3VM
427,489,Focus,MxCRgtdAuBo
428,490,Ratatouille,NgsQ8mVkN8w
429,491,Stake Land,xN6_TlQmV5A
430,492,The Book of Eli,zSMHmtaoXtI
431,493,Cloverfield,_afPFLvh2qg
432,494,Point Break,ZgHPumVN4Fo
433,495,Under the Skin,J7bAZCOk0Sc
434,496,I Am Legend,dtKMEAXyPkg
435,497,Men in Black 3,uldn't find
436,498,Super 8,Yo4d8uHsxXw
437,499,Law Abiding Citizen,LX6kVRsdXW4
438,500,Up,HWEW_qTLSEE
439,501,Maze Runner: The Scorch Trials,SDofO3P2HpE
440,502,Carol,679wr31SXWk
441,504,Youth,-T7CM4di_0c
442,507,Savages,jDZSt_MhU4Q
443,508,(500) Days of Summer,PsD0NpFSADM
444,509,Movie 43,A9fBCkwDW8c
445,510,Gravity,OiTiKOy59o4
446,511,The Boy in the Striped Pyjamas,9ypMp0s5Hiw
447,512,Shooter,A3lPVwYOdzA
448,513,The Happening,HAQVYYqj3Ro
449,514,Bone Tomahawk,0ZbwtHi-KSE
450,516,Easy A,KNbPnqyvItk
451,517,Exodus: Gods and Kings,t-8YsulfxVI
452,518,Chappie,lyy7y0QOK-0
453,519,The Hobbit: The Desolation of Smaug,uldn't find
454,520,Half of a Yellow Sun,bq9jI1QnEXU
455,521,Anthropoid,blAKCJcXC5c
456,522,The Counselor,H-BWSrFqjMA
457,523,Viking,dJ32LuLIKc8
458,525,Trust,cFYaADDJI6g
459,526,Birth of the Dragon,SL7OfxJo2oA
460,528,The Green Inferno,FcpYPu9M3bw
461,529,Godzilla,uldn't find
462,530,The Bourne Legacy,jSzy9qQ3mDE
463,531,A Good Year,bKKrLj5ZHiM
464,532,Friend Request,nDNgs0dgjj4
465,534,Lucy,bN7ksFEVO9U
466,535,A Quiet Passion,eKJpx8FYp54
467,536,Need for Speed,u3wtVI-aJuw
468,537,Jack Reacher,Q-oxhxD32MM
469,538,The Do-Over,lZ1fKYmF4qU
470,541,The Ghost Writer,L_AerBW0EcI
471,542,Limitless,4TLppsfzQH8
472,546,Midnight Special,oVgxxdu-gJc
473,547,Don't Think Twice,rzbJXNiEdEg
474,548,Alice in Wonderland,pMiCJefpn9Q
475,549,Chuck,0AQXwOOqNNw
476,551,The Break-Up,guRKt55XOfU
477,552,Loving,33g-ZHBQdNU
478,553,Fantastic Four,_rRoD28-WgU
479,556,The Boy Next Door,MgbBwovOOoc
480,557,The Gift,IjF5wdY8zE0
481,558,Dracula Untold,_2aWqecTTuE
482,559,In the Heart of the Sea,K-H35Mpj4uk
483,560,Idiocracy,6lai9QhBibk
484,561,The Expendables,8KtYRALe-xo
485,562,Evil Dead,BqQNO7BzN08
486,563,Sinister,_kbQAJR9YWQ
487,564,Wreck-It Ralph,87E6N7ToCxs
488,565,Snow White and the Huntsman,tCFq6gOXDqY
489,566,Pan,tjW1mKwNUSo
490,567,Transformers: Dark of the Moon,uldn't find
491,568,Juno,K0SKf0K3bxg
492,569,A Hologram for the King,H0n9_8JKtkI
493,570,Money Monster,qr_nGAbFkmk
494,571,The Other Woman,BlHMHLuJWbo
495,572,Enchanted,uldn't find
496,573,The Intern,ZU3Xban0Y6A
497,574,Little Miss Sunshine,bQ7BZTMLImA
498,575,Bleed for This,zQ6ny-fROX8
499,576,Clash of the Titans,z7cEL6n24d4
500,577,The Finest Hours,BQmllwTKtqU
501,578,Tron,L9szn1QQfas
502,579,The Hunger Games: Catching Fire,EAzGXqJSDJ8
503,580,All Good Things,Ca6hW4J7Jeo
504,581,Kickboxer: Vengeance,0BeJu-0Msik
505,583,Sex Tape,sxl4aOyHSwo
506,584,What to Expect When You're Expecting,_8Um0DEEjkM
507,585,Moneyball,-4QPVo0UIzc
508,586,Ghost Rider,nu6R7ypaz5g
509,587,Unbroken,XrjJbl7kRrI
510,588,Immortals,pE3yR8bZ1pY
511,589,Sunshine,h9CgwOifQzo
512,590,Brave,AtrDBQ_qmlg
513,591,Män som hatar kvinnor,fU1d1vPaOkY
514,592,Adoration,73tacUcYIzw
515,593,The Drop,k8upwtn9A30
516,594,She's the Man,jf67WlthWXk
517,595,Daddy's Home,arhMMJx7tCU
518,596,Let Me In,x3guLR8aBpU
519,597,Never Back Down,2tc-RPjZRm8
520,598,Grimsby,_YtclB_02wA
521,599,Moon,WWoDBcSW4_c
522,600,Megamind,ead9HCX9fe4
523,601,Gangster Squad,LlbN5cQKZik
524,602,Blood Father,YR5O562cn0c
525,604,Kung Fu Panda 3,10r9ozshGVE
526,605,The Rise of the Krays,7ChEerbVbcE
527,608,Horrible Bosses,VpUeQV8sdOc
528,609,Mommy,uldn't find
529,610,Hellboy II: The Golden Army,HMWQEi8vvto
530,611,Beautiful Creatures,b2IVUIZX-Ws
531,612,Toni Erdmann,uldn't find
532,613,The Lovely Bones,s9PrQmcV81Y
533,614,The Assassination of Jesse James by the Coward Robert Ford,6RwAWZtK5Uw
534,615,Don Jon,zAE6YFikffs
535,616,Bastille Day,tO7fJBipjT8
536,617,2307: Winter's Dream,iLW1vpPESQk
537,619,Mr. Right,2TatqilQ8rI
538,620,The Secret Life of Walter Mitty,QD6cy4PBQPI
539,621,Dope,3ViVPRWRRmk
540,622,Underworld Awakening,tUcrbUCWKQc
541,623,Antichrist,8lnzoZBC3ug
542,624,Friday the 13th,sAzkW7HFh5U
543,625,Taken 3,JuU0M2xBasc
544,626,Total Recall,GljhR5rk5eY
545,627,X-Men: The Last Stand,ZQ0v5dXbw7M
546,630,Night at the Museum: Secret of the Tomb,KMKk7Dn__-Y
547,631,Love & Other Drugs,h6w7Dh-QxzY
548,632,The Interview,BObCk4wKLn0
549,633,The Host,uldn't find
550,636,Knocked Up,cv01Mcdf8rI
551,637,Source Code,NkTrG-gpIzE
552,638,Lawless,rcnkarT81L4
553,639,Unfriended,Lgj4GjqCFlY
554,640,American Reunion,OXeWfALLxss
555,641,The Pursuit of Happyness,DMOBlEcRuw8
556,642,Relatos salvajes,Utq0aDEp084
557,644,Frantz,oop8_CgSgmo
558,647,Burnt,QsyzkkI_g14
559,650,Vampire Academy,E1ERrnYunBg
560,651,Sweeney Todd: The Demon Barber of Fleet Street,acHBq_oZm-8
561,653,Insidious,zuZnRUcoWos
562,654,Popstar: Never Stop Never Stopping,Q9RoNzJrmDo
563,656,Public Enemies,pv0DMzFwEW4
564,657,Boyhood,Y0oX0xiwOv8
565,658,Teenage Mutant Ninja Turtles,sELFJUj9P4A
566,659,Eastern Promises,ifilHp3_dWQ
567,660,The Daughter,5X2aYYDlVSU
568,661,Pineapple Express,BWZt4v6b1hI
569,662,The First Time,Pa5963ftpDc
570,663,Gone Baby Gone,Wzh4Q88sthY
571,664,The Heat,1O3iRdiplB0
572,665,L'avenir,DtD9Gqy79vE
573,666,Anna Karenina,Z-nyXX5zOLg
574,667,Regression,-pBwIsVGaL4
575,668,Ted 2,S3AVcCggRnU
576,669,Pain & Gain,X4orHp2y2ZQ
577,670,Blood Diamond,yknIZsvQjG4
578,672,Child 44,Uia6y9SRsj4
579,673,The Hurt Locker,AIbFvqFYRT4
580,674,Green Lantern,7-GO9fo9DtM
581,676,The Mist,LhCKXJNGzN8
582,677,Escape Plan,etWeYkQ_KLw
583,678,"Love, Rosie",5zL3YJKygd4
584,679,The DUFF,ci7eKlNRiuw
585,680,The Age of Shadows,zoYsQcGV4b4
586,681,The Hunger Games: Mockingjay - Part 1,3PkkHsuMrho
587,682,We Need to Talk About Kevin,SfQaRK3BCYU
588,683,Love & Friendship,8MaSK3POHI0
589,684,The Mortal Instruments: City of Bones,GHlwRsl2uFk
590,685,Seven Pounds,zdMpeO5G4OQ
591,686,The King's Speech,EcxBrTvLbBM
592,687,Hunger,h61PbLOmyY0
593,688,Jumper,DtacNQkFHvo
594,689,Toy Story 3,JcpWXaA2qeg
595,690,Tinker Tailor Soldier Spy,VW-F1H-Nonk
596,691,Resident Evil: Retribution,hoyMT-7wEqs
597,692,Dear Zindagi,5DkO7ksXY8E
598,694,Pompeii,t6TRwfxDICM
599,695,Life of Pi,3mMN693-F3U
600,698,I Origins,Mk4briOLrTQ
601,699,Live Free or Die Hard,8Jz-8UcCiws
602,702,Ted,9fbo_pQvU7M
603,703,RED,lwjn6sLl4U8
604,704,Australia,M_PMKB5T4n4
605,705,Faster,XDBeFAlgjio
606,708,The Hollars,gDm-hMnvB44
607,709,The Judge,ZBvK6ni97W8
608,710,Closed Circuit,ktiMVKeA9QM
609,711,Transformers: Revenge of the Fallen,fnXzKwUgDhg
610,712,La tortue rouge,4yNKialC5fc
611,713,The Book of Life,_i69CJc1BgE
612,714,Incendies,uldn't find
613,715,The Heartbreak Kid,ON1-SohDqDg
614,716,Happy Feet,G2z-xAZRFcQ
615,717,Entourage,SGSE_XPF4_g
616,718,The Strangers,BbqELQHpmQM
617,719,Noah,fdu10cX3pWA
618,720,Neighbors,KrAf5ALLxGI
619,721,Nymphomaniac: Vol. II,uldn't find
620,722,Wild,tn2-GSqPyl0
621,723,Grown Ups,e01NVCveGkg
622,724,Blair Witch,girSv9UH_V8
623,725,The Karate Kid,r_8Rw16uscg
624,726,Dark Shadows,N6tVdffCr_M
625,727,Friends with Benefits,VzXg-Vr1sMA
626,728,The Illusionist,i0xO64icGSY
627,729,The A-Team,exyzEFrmLuM
628,730,The Guest,y0E2Qh6wLS4
629,731,The Internship,vSnxuOD3WJs
630,732,Paul,BJxlNYb8sJQ
631,734,The Da Vinci Code,5sU9MT8829k
632,735,Mr. Church,wySiVNV71IQ
633,736,Hugo,Hv3obL9HqyY
634,737,The Blackcoat's Daughter,pRc_-iK3RVE
635,738,Body of Lies,bxQW8NGNb60
636,739,Knight of Cups,SI2j1FHCjtM
637,740,The Mummy: Tomb of the Dragon Emperor,5-4qSE2Ch0Y
638,741,The Boss,V8GAMZqJqjs
639,742,Hands of Stone,KeP5YVVkQV8
640,743,El secreto de sus ojos,GcHkTSqeGoU
641,744,True Grit,CUiCu-zuAgM
642,745,We Are Your Friends,gZzAeYWXFpk
643,746,A Million Ways to Die in the West,2sOa-2EhbTU
644,749,Ouija: Origin of Evil,MJIcZGEjjwo
645,750,Percy Jackson: Sea of Monsters,w6aYjbpBm-E
646,751,Fracture,UG1Lxnn8Qa8
647,752,Oculus,dYJrxezWLUk
648,753,In Bruges,96harmMOyiY
649,754,This Means War,iYkbJMX0d_w
650,760,The Fighter,LRIZ4mCi5Ps
651,761,August Rush,zhpwjrbeoJQ
652,762,Chef,FF_rYNupPwg
653,763,Eye in the Sky,hOqeoj669xg
654,764,Eagle Eye,kU44N6MKG9Q
655,765,The Purge,K0LLaybEuzA
656,766,PK,uldn't find
657,768,Indiana Jones and the Kingdom of the Crystal Skull,kTJy1rFBtVw
658,769,Paper Towns,rFGiHm5WMLk
659,770,High-Rise,LKPghZ5cc_E
660,771,Quantum of Solace,mkLcEGMkGMs
661,773,How to Train Your Dragon,oKiYuIsPxYk
662,774,Lady in the Water,pKR1mfrfGAo
663,775,The Fountain,m8IlyFCbNZg
664,776,Cars 2,oFTfAdauCOo
665,777,31,uldn't find
666,781,Unknown,vSXUgkCjdBM
667,782,Self/less,3agaVwt0tb8
668,783,Mr. Brooks,hXfbVIFc6t4
669,785,Before We Go,vNzaiGzPoUg
670,786,Captain Phillips,GEyM01dAxp8
671,788,Max Steel,Tf4sa0BVJVw
672,789,Hotel Transylvania 2,T3nqmGgnJe8
673,790,Hancock,6iFcGNOWnA8
674,791,Sisters,vRnhEjP3R-c
675,792,The Family,-SwDU04Oeak
676,793,Zack and Miri Make a Porno,hzxhbxXmbq4
677,794,Ma vie de Courgette,4d9N5Y_sN8Q
678,795,Man on a Ledge,sBJSfqdhyTg
679,796,No Strings Attached,XGmsRMvQ2AM
680,797,Rescue Dawn,UNm9Tzo5rvI
681,798,Despicable Me 2,TlbnGSMJQbQ
682,799,A Walk Among the Tombstones,aTKBowDjMQg
683,800,The World's End,n__1Y-N5tQk
684,802,Seven Psychopaths,jsHR77oQKEY
685,803,Beowulf,DLukQJO5SH8
686,804,Jack Ryan: Shadow Recruit,K9KAnx4EvaE
687,805,1408,WIASqPZqnhs
688,806,The Gambler,7CFBu0EommA
689,807,Prince of Persia: The Sands of Time,bZ7Li5w2I-k
690,808,The Spectacular Now,XDTBLSkUmYk
691,809,A United Kingdom,LKPDNKdpys8
692,811,Turbo Kid,AFlZ6pVtnv0
693,812,Mama,1lNyP7w3CuQ
694,813,Orphan,_uX6of3vBu0
695,814,To Rome with Love,ft__aQSrHqE
696,815,Fantastic Mr. Fox,uldn't find
697,816,Inside Man,FSH-dbbiroI
698,818,127 Hours,OlhLOWTnVoQ
699,819,Annabelle,paFgQNPGlsg
700,822,The Imaginarium of Doctor Parnassus,Iqe85ffv9-w
701,823,G.I. Joe: The Rise of Cobra,OqymrugFevw
702,824,Christine,ieBmy6qjiCI
703,830,Disaster Movie,tihG_2BSUqg
704,831,Rocky Balboa,8tab8fK2_3w
705,832,Diary of a Wimpy Kid: Dog Days,NLRYN8wPF1M
706,833,Jane Eyre,8IFsdfk3mlk
707,834,Fool's Gold,EElmapouc0c
708,835,The Dictator,cYplvwBvGA4
709,836,The Loft,1bJZYqGfYGE
710,837,Bacalaureat,j0Rh8WLxKd8
711,838,You Don't Mess with the Zohan,ucmnTmYpGhI
712,841,Horrible Bosses 2,utriEZFno0E
713,842,A Bigger Splash,eBpvKfMWB-o
714,843,Melancholia,JCUdy1nUqrg
715,844,The Princess and the Frog,uQBy6jqbmlU
716,845,Unstoppable,fyuoIqeL-bc
717,846,Flight,WmjawuFvDu4
718,847,Home,MyqZf8LiWvM
719,848,La migliore offerta,zJGleGyahC8
720,850,42,I9RHqdZDCF0
721,851,21,oqkdB7It5Go
722,852,Begin Again,uTRCxOE7Xzc
723,853,Out of the Furnace,Gw0qH34cbRE
724,854,Vicky Cristina Barcelona,B-RdUcXAKiw
725,855,Kung Fu Panda,PXi3Mv6KMzY
726,856,Barbershop: The Next Cut,l2vPDGStL4k
727,857,Terminator Salvation,-Czz-TcWCkA
728,858,Freedom Writers,miz1V13QWsU
729,859,The Hills Have Eyes,CUQd9OB75dw
730,860,Changeling,IF5hwg4FNEU
731,861,Remember Me,iFFas72-dTY
732,863,"Alexander and the Terrible, Horrible, No Good, Very Bad Day",jF5JFoGIE5U
733,864,Locke,TsBDYAYnQb0
734,866,Horns,B8s_1UcdoNI
735,867,Indignation,ELKsrUssyQE
736,868,The Stanford Prison Experiment,7LviGTHud5w
737,869,Diary of a Wimpy Kid: Rodrick Rules,16u7oeK0O90
738,870,Mission: Impossible III,rl2bysiyltg
739,871,En man som heter Ove,dPoaN2XROk8
740,872,Dragonball Evolution,T4_wHfz2qUA
741,873,Red Dawn,HZJMZapC8NQ
742,874,One Day,zVuuooZqVaU
743,875,Life as We Know It,mqzjDrrZIdE
744,876,28 Weeks Later,ljqY7qrnycw
745,877,Warm Bodies,_TDYhTNpUzo
746,878,Blue Jasmine,KK7_xLxf4o0
747,879,G.I. Joe: Retaliation,2vAo4rJPqQ4
748,880,Wrath of the Titans,IHHPPX6dnYU
749,881,Shin Gojira,3qX1ZU3jcfU
750,882,Saving Mr. Banks,nijccxWvyXU
751,883,Transcendence,VCTen3-B8GU
752,884,Rio,Bf6zeRwk5LE
753,885,Equals,_RTN3HnQV3c
754,886,Babel,yDNa6t-TDrQ
755,887,The Tree of Life,RrAz1YLh8nY
756,888,The Lucky One,gJAMYJkA2Uc
757,889,Piranha 3D,hKVY94MpUiE
758,890,50/50,MiMlrrA2PRk
759,893,Real Steel,obYuPJH2oTE
760,894,Sex and the City,uldn't find
761,895,Rambo,2CRjdwRYQbU
762,898,The Fall,iSspRSGc4Dk
763,899,The Ugly Truth,DvsZtGxsvV0
764,900,Bride Wars,KBDE4uznmIw
765,901,Sleeping with Other People,RG3Q2ua5izw
766,902,Snakes on a Plane,rerwquA1TKs
767,903,What If,frvkyNg3nIo
768,904,How to Train Your Dragon 2,Z9a4PvzlqoQ
769,905,RoboCop,IqvRDhW-XVA
770,907,"Hello, My Name Is Doris",ZxfwqNvrl78
771,908,Ocean's Thirteen,so9Eh-Guci8
772,909,Slither,b0LiSIJIDgU
773,910,Contagion,4sYSyuuLk5g
774,911,Il racconto dei racconti - Tale of Tales,UvkgHrzodTY
775,913,Bridge to Terabithia,T2TDSEG57hI
776,914,Coherence,kxAOewNzz-8
777,915,Notorious,kDDv6pAbN_U
778,916,Goksung,43uAputjI4k
779,917,The Expendables 2,ip_CYHdyUBs
780,919,Perfume: The Story of a Murderer,_-qv0EnGhJU
781,920,The Golden Compass,LHYoOGfBObU
782,921,Centurion,KOZs2_i_cDE
783,922,Scouts Guide to the Zombie Apocalypse,ZOhSbNJ7MqI
784,923,17 Again,UQK5Hh0L1Sg
785,924,No Escape,DOjj07EuO50
786,925,Superman Returns,bRqAUqAFhNw
787,926,The Twilight Saga: Breaking Dawn - Part 1,PQNLfo-SOR4
788,927,Precious,urFY3jp759c
789,928,The Sea of Trees,PQvC9V1eLsE
790,931,Footloose,fVyU-Hvzpt4
791,932,If I Stay,m9hZ40TJ0zs
792,935,The Love Witch,BHhaIRevB-Y
793,936,Talladega Nights: The Ballad of Ricky Bobby,YfGRg0FLxtE
794,937,The Human Centipede (First Sequence),glfBurdSUS8
795,938,Super,tLj_Bzw8n90
796,941,The Midnight Meat Train,uZBObg2RS_I
797,942,The Twilight Saga: Eclipse,S2HIda5wSVU
798,944,What's Your Number?,bgkxGrsX-A4
799,945,Riddick,zH3O-CeZckE
800,948,King Cobra,vvMJaRx3_r8
801,949,After Earth,CZIt20emgLY
802,950,Kicks,rci4qxqcooA
803,951,Me and Earl and the Dying Girl,2qfmAllbYC8
804,952,The Descendants,XDwUH02DDWU
805,953,Sex and the City 2,pY7sAJm8Fuk
806,954,The Kings of Summer,cLnAiVI4R2Q
807,955,Death Race,C8bxcJZrus0
808,956,That Awkward Moment,wRcVgJjnFLo
809,957,Legion,P6p01-in6-k
810,958,End of Watch,9mQYxib26FM
811,959,3 Days to Kill,yswZKfnmf7c
812,960,Lucky Number Slevin,mGQmSCQrKKQ
813,961,Trance,976y9Xm6BkY
814,962,Into the Forest,_TRSvK-Omwc
815,963,The Other Boleyn Girl,NX0LoorqtRM
816,964,I Spit on Your Grave,2zU3U-9B3fE
817,971,Texas Chainsaw 3D,gB0aHrd7rUo
818,973,Rock of Ages,jbvzQLMqfH0
819,974,Scream 4,JKRtyVLWV-E
820,975,Queen of Katwe,z4l3-_yub5A
821,976,My Big Fat Greek Wedding 2,JQ-1Ts3BChM
822,980,The Skin I Live In,PavJUoZNT7g
823,981,Miracles from Heaven,CldGTG6iVrU
824,982,Annie,nasLuiP-1E0
825,983,Across the Universe,spf7RULGNOU
826,984,Let's Be Cops,q6q73NTqH-o
827,985,Max,6EPPMCwD5bw
828,986,Your Highness,1nB2pWEW9yw
829,987,Final Destination 5,g7V84i92H4A
830,988,Endless Love,NTAzn4W48gc
831,991,Underworld: Rise of the Lycans,-dUgVLvYSe4
832,992,Taare Zameen Par,tn_2Ie_jtX8
833,994,Resident Evil: Afterlife,SRRN6MvCdeg
834,995,Project X,p8_U0n2oIHA
835,997,Hostel: Part II,7oG7ktw806Y
836,998,Step Up 2: The Streets,bL2wDI-O5YQ
837,1000,Nine Lives,_jHA97HzhxE
